Item Name,Category Name,SKU,HSN,Unit Name,Alert Quantity,Brand Name,Lot Number,Expire Date, Purchase Price ,Tax Name,Tax Value,Tax Type,Sales Price,Opening Stock,Barcode,DISCOUNT TYPE,DISCOUNT
Dannio - Drilling Bit [6mm x 50 x110mm],General,,,PIECES,19.00,Total,,,250.00,0.00,0.00,Exclusive,425.00,19.00,,Fixed,
Dannio - Drilling Bit[6mm x 100 x 160mm],General,,,PIECES,38.00,Total,,,250.00,0.00,0.00,Exclusive,425.00,38.00,,Fixed,
Dannio - Drilling Bit[8mm x 100 x 160mm],General,,,PIECES,22.00,Total,,,280.00,0.00,0.00,Exclusive,470.00,22.00,,Fixed,
Dannio - Drilling Bit [10mm x 100 x 160mm],General,,,PIECES,20.00,Total,,,350.00,0.00,0.00,Exclusive,575.00,20.00,,Fixed,
Dannio - Drilling Bit [8mm x 150 x 210mm],General,,,PIECES,2.00,Total,,,350.00,0.00,0.00,Exclusive,575.00,2.00,,Fixed,
BWT-6203-2RS-Bearing,General,,,PIECES,10.00,Total,,,400.00,0.00,0.00,Exclusive,650.00,10.00,,Fixed,
Dannio - Drilling Bit [12mm x 100 x 160mm ,General,,,PIECES,20.00,Total,,,400.00,0.00,0.00,Exclusive,650.00,20.00,,Fixed,
SDS Plus Hammer Drill [12mm],General,,,PIECES,46.00,Total,,,400.00,0.00,0.00,Exclusive,650.00,46.00,,Fixed,
BWT-6204-2RS-Bearing,General,,,PIECES,10.00,Total,,,450.00,0.00,0.00,Exclusive,725.00,10.00,,Fixed,
C -Torch [10w],General,,,PIECES,2.00,Total,,,450.00,0.00,0.00,Exclusive,725.00,2.00,,Fixed,
Dannio -Drilling Bit [14mm x 100 x 160mm],General,,,PIECES,20.00,Total,,,500.00,0.00,0.00,Exclusive,800.00,20.00,,Fixed,
Inc -co Test Pencil 3 x 140mm ,General,,,PIECES,90.00,Total,,,500.00,0.00,0.00,Exclusive,800.00,90.00,,Fixed,
Total TCT Saw Blade [305mm] x 120T,General,,,PIECES,14.00,Total,,,500.00,0.00,0.00,Exclusive,800.00,14.00,,Fixed,
Total TCT Saw Blade 254 x 255mm [10''] x 40T,General,,,PIECES,25.00,Total,,,500.00,0.00,0.00,Exclusive,800.00,25.00,,Fixed,
BWT-6205-2RS-Bearing,General,,,PIECES,10.00,Total,,,550.00,0.00,0.00,Exclusive,875.00,10.00,,Fixed,
Total  Snap Off Blade Knife   (9mm X 80mm ),General,,,PIECES,2.00,Total,,,600.00,0.00,0.00,Exclusive,950.00,2.00,,Fixed,
BWT-6304-2RS-Bearing ,General,,,PIECES,10.00,Total,,,650.00,0.00,0.00,Exclusive,1025.00,10.00,,Fixed,
Dannio - Drilling Bit [16mm x 150 x215mm],General,,,PIECES,3.00,Total,,,700.00,0.00,0.00,Exclusive,1100.00,3.00,,Fixed,
SDS Plus Hammer Drill [16mm] ,General,,,PIECES,11.00,Total,,,700.00,0.00,0.00,Exclusive,1100.00,11.00,,Fixed,
BWT-6305-2RS -Bearing,General,,,PIECES,10.00,Total,,,750.00,0.00,0.00,Exclusive,1175.00,10.00,,Fixed,
Dannio - Pointed Chisel Bit [14 x 250mm],General,,,PIECES,95.00,Total,,,750.00,0.00,0.00,Exclusive,1175.00,95.00,,Fixed,
Dannio -Flat Chisel Bit[14 x 250mm],General,,,PIECES,6.00,Total,,,750.00,0.00,0.00,Exclusive,1175.00,6.00,,Fixed,
Total Wire Cup Brush [75mm] 3'',General,,,PIECES,8.00,Total,,,800.00,0.00,0.00,Exclusive,1250.00,8.00,,Fixed,
BWT-6207-2RS-Bearing,General,,,PIECES,9.00,Total,,,850.00,0.00,0.00,Exclusive,1325.00,9.00,,Fixed,
Dannio - Drilling Bit [18mm x 200x 260mm],General,,,PIECES,4.00,Total,,,900.00,0.00,0.00,Exclusive,1400.00,4.00,,Fixed,
Dannio- Drilling Bit [10mm x 350 x 410mm],General,,,PIECES,6.00,Total,,,900.00,0.00,0.00,Exclusive,1400.00,6.00,,Fixed,
SDS Plus Hammer Drill [18mm] ,General,,,PIECES,35.00,Total,,,900.00,0.00,0.00,Exclusive,1400.00,35.00,,Fixed,
Total 3m x 16mm Measuring Tape ,General,,,PIECES,148.00,Total,,,900.00,0.00,0.00,Exclusive,1400.00,148.00,,Fixed,
Dannio - Drilling Bit [12mm x 350 x 410mm] ,General,,,PIECES,23.00,Total,,,1000.00,0.00,0.00,Exclusive,1550.00,23.00,,Fixed,
JDSMP Top Grade Led Ceiling,General,,,PIECES,1.00,Total,,,1000.00,0.00,0.00,Exclusive,1550.00,1.00,,Fixed,
JUMLEE HSS BI-Metal Hole Saw Arbor HEX,General,,,PIECES,4.00,Total,,,1000.00,0.00,0.00,Exclusive,1550.00,4.00,,Fixed,
Jumlee Screwdriver Bit (10pcs set),General,,,PIECES,29.00,Total,,,1000.00,0.00,0.00,Exclusive,1550.00,29.00,,Fixed,
BWT-6208-2RS-Bearing,General,,,PIECES,5.00,Total,,,1100.00,0.00,0.00,Exclusive,1640.00,5.00,,Fixed,
SDS Plus Hammer Drill [20mm],General,,,PIECES,31.00,Total,,,1100.00,0.00,0.00,Exclusive,1640.00,31.00,,Fixed,
Total 5m x 19mm Measuring Tape ,General,,,PIECES,437.00,Total,,,1100.00,0.00,0.00,Exclusive,1640.00,437.00,,Fixed,
Total Bolt Cutter [30''] 750mm ,General,,,PIECES,16.00,Total,,,1100.00,0.00,0.00,Exclusive,1640.00,16.00,,Fixed,
ALUMINUIM Hole saw cutter 14mm,General,,,PIECES,1.00,Total,,,1200.00,0.00,0.00,Exclusive,1780.00,1.00,,Fixed,
Dannio Drilling Bit [14mm x 350 x 410mm],General,,,PIECES,2.00,Total,,,1200.00,0.00,0.00,Exclusive,1780.00,2.00,,Fixed,
Jumlee Hss Bi- Metal Hole Arbor,General,,,PIECES,4.00,Total,,,1200.00,0.00,0.00,Exclusive,1780.00,4.00,,Fixed,
MASSAKI Drilling Bit 9.0mm,General,,,PIECES,21.00,Total,,,1200.00,0.00,0.00,Exclusive,1780.00,21.00,,Fixed,
Massaki Screw Driver Bit s2 (10pcs in set),General,,,PIECES,9.00,Total,,,1200.00,0.00,0.00,Exclusive,1780.00,9.00,,Fixed,
Total Fibre Glass Measuring Tape ,General,,,PIECES,4.00,Total,,,1250.00,0.00,0.00,Exclusive,1850.00,4.00,,Fixed,
ALUMINUIM Hole saw cutter 22mm,General,,,PIECES,1.00,Total,,,1300.00,0.00,0.00,Exclusive,1920.00,1.00,,Fixed,
BWT-6306-2RS -Bearing,General,,,PIECES,10.00,Total,,,1300.00,0.00,0.00,Exclusive,1920.00,10.00,,Fixed,
Dannio - Drilling Bit [16mm x 350 x 410mm],General,,,PIECES,2.00,Total,,,1300.00,0.00,0.00,Exclusive,1920.00,2.00,,Fixed,
Demolition Concrete Drilling Bit [16mm x 350 x 410mm],General,,,PIECES,2.00,Total,,,1300.00,0.00,0.00,Exclusive,1920.00,2.00,,Fixed,
EUROTEK TCT Hole Saw Cutter 22mm,General,,,PIECES,1.00,Total,,,1300.00,0.00,0.00,Exclusive,1920.00,1.00,,Fixed,
ALUMINUIM Hole saw cutter 24mm,General,,,PIECES,1.00,Total,,,1400.00,0.00,0.00,Exclusive,2060.00,1.00,,Fixed,
Dannio Drilling Bit [18mm x 350 x 410mm],General,,,PIECES,9.00,Total,,,1400.00,0.00,0.00,Exclusive,2060.00,9.00,,Fixed,
Dannio - Drilling Bit [25mm x 150 x 210mm],General,,,PIECES,2.00,Total,,,1500.00,0.00,0.00,Exclusive,2200.00,2.00,,Fixed,
Deweller 65l Screw Driver Bit (Ph2+-) 10pcs,General,,,PIECES,10.00,Total,,,1500.00,0.00,0.00,Exclusive,2200.00,10.00,,Fixed,
JUMLEE HSS BI-Metal Hole Saw 20mm,General,,,PIECES,26.00,Total,,,1500.00,0.00,0.00,Exclusive,2200.00,26.00,,Fixed,
Massaki Drilling Bit  8.5mm ,General,,,PIECES,9.00,Total,,,1500.00,0.00,0.00,Exclusive,2200.00,9.00,,Fixed,
MASSAKI Drilling Bit 1.0mm,General,,,PIECES,20.00,Total,,,1500.00,0.00,0.00,Exclusive,2200.00,20.00,,Fixed,
MASSAKI Drilling Bit 1.5mm,General,,,PIECES,20.00,Total,,,1500.00,0.00,0.00,Exclusive,2200.00,20.00,,Fixed,
Red Hook 1 Ton,General,,,PIECES,4.00,Total,,,1500.00,0.00,0.00,Exclusive,2200.00,4.00,,Fixed,
Total 2 in 1 Screw Driver Set ,General,,,PIECES,,Total,,,1500.00,0.00,0.00,Exclusive,2200.00,,,Fixed,
Total Detachachable 6 in 1 Screw Driver Set,General,,,PIECES,13.00,Total,,,1500.00,0.00,0.00,Exclusive,2200.00,13.00,,Fixed,
Total Machinist Hammer [300g],General,,,PIECES,15.00,Total,,,1500.00,0.00,0.00,Exclusive,2200.00,15.00,,Fixed,
Total Pointed Chisel 18 x 400mm,General,,,PIECES,13.00,Total,,,1500.00,0.00,0.00,Exclusive,2200.00,13.00,,Fixed,
Dannio Pointed Chisel Bit [18mm x 400mm]Demolition Head,General,,,PIECES,1.00,Total,,,1600.00,0.00,0.00,Exclusive,2340.00,1.00,,Fixed,
Total Pointed Chisel [17mm x 280mm] ,General,,,PIECES,1.00,Total,,,1600.00,0.00,0.00,Exclusive,2340.00,1.00,,Fixed,
Dannio - Drilling Bit [22mm x 350 x 410mm],General,,,PIECES,5.00,Total,,,1700.00,0.00,0.00,Exclusive,2480.00,5.00,,Fixed,
MASSAKI Drilling Bit 2.0mm,General,,,PIECES,10.00,Total,,,1700.00,0.00,0.00,Exclusive,2480.00,10.00,,Fixed,
Massaki Drilling Bit 2.0mm,General,,,PIECES,10.00,Total,,,1700.00,0.00,0.00,Exclusive,2480.00,10.00,,Fixed,
MASSAKI Drilling Bit 9.5mm,General,,,PIECES,10.00,Total,,,1700.00,0.00,0.00,Exclusive,2480.00,10.00,,Fixed,
ALUMINUIM Hole saw cutter 27mm,General,,,PIECES,2.00,Total,,,1800.00,0.00,0.00,Exclusive,2620.00,2.00,,Fixed,
ALUMINUIM Hole saw cutter 30mm,General,,,PIECES,4.00,Total,,,1800.00,0.00,0.00,Exclusive,2620.00,4.00,,Fixed,
ALUMINUIM Hole saw cutter 30mm,General,,,PIECES,1.00,Total,,,1800.00,0.00,0.00,Exclusive,2620.00,1.00,,Fixed,
EUROTEK TCT Hole Saw Cutter 30mm,General,,,PIECES,3.00,Total,,,1800.00,0.00,0.00,Exclusive,2620.00,3.00,,Fixed,
MASSAKI Drilling Bit 2.5mm,General,,,PIECES,10.00,Total,,,1800.00,0.00,0.00,Exclusive,2620.00,10.00,,Fixed,
Massaki Drilling Bit 2.5mm ,General,,,PIECES,10.00,Total,,,1800.00,0.00,0.00,Exclusive,2620.00,10.00,,Fixed,
Massaki TCT Hole Saw Cutter 16mm,General,,,PIECES,1.00,Total,,,1800.00,0.00,0.00,Exclusive,2620.00,1.00,,Fixed,
Total Bent Nos Plier [160mm] 6'',General,,,PIECES,21.00,Total,,,1800.00,0.00,0.00,Exclusive,2620.00,21.00,,Fixed,
Total Long Nose Nose Plier [160mm] 6'',General,,,PIECES,8.00,Total,,,1800.00,0.00,0.00,Exclusive,2620.00,8.00,,Fixed,
Inc- co (8pcs) Screw Driver Set AKISD0808,General,,,PIECES,2.00,Total,,,2000.00,0.00,0.00,Exclusive,2900.00,2.00,,Fixed,
Inc- co Precision Screw Driver Set [7pcs Set] HKSDO718,General,,,PIECES,5.00,Total,,,2000.00,0.00,0.00,Exclusive,2900.00,5.00,,Fixed,
Massaki Drilling Bit 1.5mm,General,,,PIECES,20.00,Total,,,2000.00,0.00,0.00,Exclusive,2900.00,20.00,,Fixed,
Massaki Drilling Bit 10 .5mm,General,,,PIECES,10.00,Total,,,2000.00,0.00,0.00,Exclusive,2900.00,10.00,,Fixed,
MASSAKI Drilling Bit 10.0mm,General,,,PIECES,15.00,Total,,,2000.00,0.00,0.00,Exclusive,2900.00,15.00,,Fixed,
MASSAKI Drilling Bit 10.5mm,General,,,PIECES,10.00,Total,,,2000.00,0.00,0.00,Exclusive,2900.00,10.00,,Fixed,
Massaki Drilling Bit 10mm,General,,,PIECES,15.00,Total,,,2000.00,0.00,0.00,Exclusive,2900.00,15.00,,Fixed,
MASSAKI Drilling Bit 3.0mm,General,,,PIECES,116.00,Total,,,2000.00,0.00,0.00,Exclusive,2900.00,116.00,,Fixed,
Massaki Drilling Bit 3.0mm,General,,,PIECES,116.00,Total,,,2000.00,0.00,0.00,Exclusive,2900.00,116.00,,Fixed,
Massaki TCT Hole Cutter Saw Size 20mm,General,,,PIECES,2.00,Total,,,2000.00,0.00,0.00,Exclusive,2900.00,2.00,,Fixed,
Massaki TCT Hole Saw Cutter 18mm,General,,,PIECES,2.00,Total,,,2000.00,0.00,0.00,Exclusive,2900.00,2.00,,Fixed,
Massaki TCT Hole Saw Cutter 20mm,General,,,PIECES,3.00,Total,,,2000.00,0.00,0.00,Exclusive,2900.00,3.00,,Fixed,
Red Hook 2 Ton,General,,,PIECES,6.00,Total,,,2000.00,0.00,0.00,Exclusive,2900.00,6.00,,Fixed,
Total 8m x 25mm Measuring Tape ,General,,,PIECES,17.00,Total,,,2000.00,0.00,0.00,Exclusive,2900.00,17.00,,Fixed,
Total Cylinder Brush [8 in 1 Set] ,General,,,PIECES,10.00,Total,,,2000.00,0.00,0.00,Exclusive,2900.00,10.00,,Fixed,
Total Hacksaw Frame 12'' [300mm],General,,,PIECES,61.00,Total,,,2000.00,0.00,0.00,Exclusive,2900.00,61.00,,Fixed,
Total Hex Key [2-8mm] ,General,,,PIECES,22.00,Total,,,2000.00,0.00,0.00,Exclusive,2900.00,22.00,,Fixed,
Total Pipe Wrench [200mm] 8'',General,,,PIECES,26.00,Total,,,2000.00,0.00,0.00,Exclusive,2900.00,26.00,,Fixed,
Total Stoning Hammer [500g],General,,,PIECES,20.00,Total,,,2000.00,0.00,0.00,Exclusive,2900.00,20.00,,Fixed,
Total Torx Key T-10 T50 [Allen Key] ,General,,,PIECES,40.00,Total,,,2000.00,0.00,0.00,Exclusive,2900.00,40.00,,Fixed,
BWT-6308-2RS -Bearing,General,,,PIECES,5.00,Total,,,2100.00,0.00,0.00,Exclusive,3040.00,5.00,,Fixed,
ALUMINUIM Hole saw cutter 35mm,General,,,PIECES,2.00,Total,,,2200.00,0.00,0.00,Exclusive,3180.00,2.00,,Fixed,
Fast Way Hole Saw Cutter Hss 1 1/2 ,General,,,PIECES,2.00,Total,,,2200.00,0.00,0.00,Exclusive,3180.00,2.00,,Fixed,
Inc -co Hex Key Ball Point HHK12092,General,,,PIECES,8.00,Total,,,2200.00,0.00,0.00,Exclusive,3180.00,8.00,,Fixed,
Inc co Torx Key [8pcs] Set HHKT8083,General,,,PIECES,2.00,Total,,,2200.00,0.00,0.00,Exclusive,3180.00,2.00,,Fixed,
Total Combination Plier [200mm] 8'',General,,,PIECES,15.00,Total,,,2200.00,0.00,0.00,Exclusive,3180.00,15.00,,Fixed,
Welloo Combination Plier 8'' ,General,,,PIECES,3.00,Total,,,2200.00,0.00,0.00,Exclusive,3180.00,3.00,,Fixed,
ALUMINUIM Hole saw cutter 48mm,General,,,PIECES,2.00,Total,,,2300.00,0.00,0.00,Exclusive,3320.00,2.00,,Fixed,
Massaki TCT Hole Saw Cutter 22mm,General,,,PIECES,1.00,Total,,,2300.00,0.00,0.00,Exclusive,3320.00,1.00,,Fixed,
Massaki TCT Hole Saw Size  22mm,General,,,PIECES,1.00,Total,,,2300.00,0.00,0.00,Exclusive,3320.00,1.00,,Fixed,
SDS Plus Hammer Drill [24mm] ,General,,,PIECES,12.00,Total,,,2400.00,0.00,0.00,Exclusive,3460.00,12.00,,Fixed,
Inc-co Hook Knife HPK81801,General,,,PIECES,5.00,Total,,,2500.00,0.00,0.00,Exclusive,3600.00,5.00,,Fixed,
MASSAKI Drilling Bit 3.5mm,General,,,PIECES,10.00,Total,,,2500.00,0.00,0.00,Exclusive,3600.00,10.00,,Fixed,
Massaki Drillng Bit 3.5mm,General,,,PIECES,10.00,Total,,,2500.00,0.00,0.00,Exclusive,3600.00,10.00,,Fixed,
Skole TCT Hole  Saw 18mm,General,,,PIECES,1.00,Total,,,2500.00,0.00,0.00,Exclusive,3600.00,1.00,,Fixed,
Total [6pcs] Screw Driver Set ,General,,,PIECES,13.00,Total,,,2500.00,0.00,0.00,Exclusive,3600.00,13.00,,Fixed,
Total Adjustable Wrench  Spanner [200mm] ,General,,,PIECES,6.00,Total,,,2500.00,0.00,0.00,Exclusive,3600.00,6.00,,Fixed,
Total Aviation Snip [250mm] 10'',General,,,PIECES,36.00,Total,,,2500.00,0.00,0.00,Exclusive,3600.00,36.00,,Fixed,
Total Hand Saw [400mm] 16'',General,,,PIECES,15.00,Total,,,2500.00,0.00,0.00,Exclusive,3600.00,15.00,,Fixed,
Total Pipe Wrench [250mm] 10'',General,,,PIECES,33.00,Total,,,2500.00,0.00,0.00,Exclusive,3600.00,33.00,,Fixed,
Total Pointed Chisel [30mm x 410mm] ,General,,,PIECES,9.00,Total,,,2500.00,0.00,0.00,Exclusive,3600.00,9.00,,Fixed,
Total Pump Plier 250mm [10''],General,,,PIECES,6.00,Total,,,2500.00,0.00,0.00,Exclusive,3600.00,6.00,,Fixed,
Total Rubber Hammer [160z],General,,,PIECES,24.00,Total,,,2500.00,0.00,0.00,Exclusive,3600.00,24.00,,Fixed,
Total Scissors [275mm] 11'',General,,,PIECES,94.00,Total,,,2500.00,0.00,0.00,Exclusive,3600.00,94.00,,Fixed,
Total Super Select Caulking Gun ,General,,,PIECES,4.00,Total,,,2500.00,0.00,0.00,Exclusive,3600.00,4.00,,Fixed,
MASSAKI Drilling Bit 11.5mm,General,,,PIECES,10.00,Total,,,2600.00,0.00,0.00,Exclusive,3740.00,10.00,,Fixed,
MASSAKI Drilling Bit 12.5mm,General,,,PIECES,10.00,Total,,,2600.00,0.00,0.00,Exclusive,3740.00,10.00,,Fixed,
MASSAKI Drilling Bit 13.0mm,General,,,PIECES,10.00,Total,,,2600.00,0.00,0.00,Exclusive,3740.00,10.00,,Fixed,
Dannio - Drilling Bit [25mm x 350 x 410mm],General,,,PIECES,4.00,Total,,,2800.00,0.00,0.00,Exclusive,4020.00,4.00,,Fixed,
Inc- co Leather Hole Punch HLHPOL,General,,,PIECES,1.00,Total,,,3000.00,0.00,0.00,Exclusive,4300.00,1.00,,Fixed,
Inc -co Spirit Level HSL58040 [40cm],General,,,PIECES,4.00,Total,,,3000.00,0.00,0.00,Exclusive,4300.00,4.00,,Fixed,
Inc-co Heavy Duty Cable Cutter 250mm [10''] HHCCB 0210,General,,,PIECES,10.00,Total,,,3000.00,0.00,0.00,Exclusive,4300.00,10.00,,Fixed,
Inc-co Pump Plier HPP0300 [12''],General,,,PIECES,4.00,Total,,,3000.00,0.00,0.00,Exclusive,4300.00,4.00,,Fixed,
Massaki TCT Hole Cutter Saw Size 30mm,General,,,PIECES,2.00,Total,,,3000.00,0.00,0.00,Exclusive,4300.00,2.00,,Fixed,
Massaki TCT Hole Saw Cutter 30mm,General,,,PIECES,1.00,Total,,,3000.00,0.00,0.00,Exclusive,4300.00,1.00,,Fixed,
Total [10pcs] Screw Driver Set,General,,,PIECES,28.00,Total,,,3000.00,0.00,0.00,Exclusive,4300.00,28.00,,Fixed,
Total Adjustable Wrench [200mm] 8'',General,,,PIECES,9.00,Total,,,3000.00,0.00,0.00,Exclusive,4300.00,9.00,,Fixed,
Total Pipe Wrench [300mm] 12'',General,,,PIECES,13.00,Total,,,3000.00,0.00,0.00,Exclusive,4300.00,13.00,,Fixed,
Total Straight Jaw Plier [10''],General,,,PIECES,31.00,Total,,,3000.00,0.00,0.00,Exclusive,4300.00,31.00,,Fixed,
Inc -co Stoning Hammer [2000g] ,General,,,PIECES,23.00,Total,,,3200.00,0.00,0.00,Exclusive,4580.00,23.00,,Fixed,
Total Rotary Hammer [800w],General,,,PIECES,2.00,Total,,,3200.00,0.00,0.00,Exclusive,4580.00,2.00,,Fixed,
Total Rotary Hammer [800w],General,,,PIECES,2.00,Total,,,3200.00,0.00,0.00,Exclusive,4580.00,2.00,,Fixed,
Total Stoning Hammer [1000g] ,General,,,PIECES,24.00,Total,,,3200.00,0.00,0.00,Exclusive,4580.00,24.00,,Fixed,
Dannio - Drilling Bit [26mm x 350 x 410mm],General,,,PIECES,5.00,Total,,,3500.00,0.00,0.00,Exclusive,5000.00,5.00,,Fixed,
G- Cable Cutter [250mm] 10'' HCCB0210,General,,,PIECES,10.00,Total,,,3500.00,0.00,0.00,Exclusive,5000.00,10.00,,Fixed,
Inc- co Booster Cable [200amps] ,General,,,PIECES,5.00,Total,,,3500.00,0.00,0.00,Exclusive,5000.00,5.00,,Fixed,
Inc- co Wire Stripper [7''] HWSP04,General,,,PIECES,3.00,Total,,,3500.00,0.00,0.00,Exclusive,5000.00,3.00,,Fixed,
Inc -co Wire Stripper HWSPO4,General,,,PIECES,5.00,Total,,,3500.00,0.00,0.00,Exclusive,5000.00,5.00,,Fixed,
Massaki Drilling Bit  4.0mm,General,,,PIECES,18.00,Total,,,3500.00,0.00,0.00,Exclusive,5000.00,18.00,,Fixed,
MASSAKI Drilling Bit 4.0mm,General,,,PIECES,18.00,Total,,,3500.00,0.00,0.00,Exclusive,5000.00,18.00,,Fixed,
Massaki TCT Hole Cutter Saw Size 35mm,General,,,PIECES,1.00,Total,,,3500.00,0.00,0.00,Exclusive,5000.00,1.00,,Fixed,
Massaki TCT Hole Cutter Saw Size 40mm,General,,,PIECES,2.00,Total,,,3500.00,0.00,0.00,Exclusive,5000.00,2.00,,Fixed,
Massaki TCT Hole Saw Cutter 35mm,General,,,PIECES,1.00,Total,,,3500.00,0.00,0.00,Exclusive,5000.00,1.00,,Fixed,
Massaki TCT Hole Saw Cutter 38mm,General,,,PIECES,1.00,Total,,,3500.00,0.00,0.00,Exclusive,5000.00,1.00,,Fixed,
Massaki TCT Hole Saw Cutter 40mm,General,,,PIECES,5.00,Total,,,3500.00,0.00,0.00,Exclusive,5000.00,5.00,,Fixed,
Red Hook 3 Ton,General,,,PIECES,4.00,Total,,,3500.00,0.00,0.00,Exclusive,5000.00,4.00,,Fixed,
Total Adjustable Wrench [250mm] 10'',General,,,PIECES,24.00,Total,,,3500.00,0.00,0.00,Exclusive,5000.00,24.00,,Fixed,
Total Bolt Cutter [300mm] 12'',General,,,PIECES,3.00,Total,,,3500.00,0.00,0.00,Exclusive,5000.00,3.00,,Fixed,
Total Diamond Concrete Cutting Disc [9''],General,,,PIECES,19.00,Total,,,3500.00,0.00,0.00,Exclusive,5000.00,19.00,,Fixed,
Total Glue Gun [100w],General,,,PIECES,2.00,Total,,,3500.00,0.00,0.00,Exclusive,5000.00,2.00,,Fixed,
Total Pipe Wrench [350mm] 14'',General,,,PIECES,2.00,Total,,,3500.00,0.00,0.00,Exclusive,5000.00,2.00,,Fixed,
Total Skeleton Caulking Gun [9''],General,,,PIECES,28.00,Total,,,3500.00,0.00,0.00,Exclusive,5000.00,28.00,,Fixed,
Total Soldering Iron [60w],General,,,PIECES,2.00,Total,,,3500.00,0.00,0.00,Exclusive,5000.00,2.00,,Fixed,
Total Stoning Hammer [1500g],General,,,PIECES,13.00,Total,,,3500.00,0.00,0.00,Exclusive,5000.00,13.00,,Fixed,
Total Angle Grinder [2400w],General,,,PIECES,6.00,Total,,,3800.00,0.00,0.00,Exclusive,5420.00,6.00,,Fixed,
MASSAKI Drilling Bit 13.5mm,General,,,PIECES,2.00,Total,,,4000.00,0.00,0.00,Exclusive,5700.00,2.00,,Fixed,
Massaki TCT Hole Cutter Saw Size 45mmm,General,,,PIECES,2.00,Total,,,4000.00,0.00,0.00,Exclusive,5700.00,2.00,,Fixed,
Massaki TCT Hole Cutter Saw Size 50mm,General,,,PIECES,2.00,Total,,,4000.00,0.00,0.00,Exclusive,5700.00,2.00,,Fixed,
Massaki TCT Hole Saw Cutter 45mm,General,,,PIECES,1.00,Total,,,4000.00,0.00,0.00,Exclusive,5700.00,1.00,,Fixed,
Skole Trading 4.0mm Hss Twist Drill Bit,General,,,PIECES,8.00,Total,,,4000.00,0.00,0.00,Exclusive,5700.00,8.00,,Fixed,
Total Adjustable Wrench [300mm] 12'',General,,,PIECES,7.00,Total,,,4000.00,0.00,0.00,Exclusive,5700.00,7.00,,Fixed,
Total Aluminium Caulking Gun [9''],General,,,PIECES,10.00,Total,,,4000.00,0.00,0.00,Exclusive,5700.00,10.00,,Fixed,
ToTAL Pipe Cutter 332m,General,,,PIECES,5.00,Total,,,4000.00,0.00,0.00,Exclusive,5700.00,5.00,,Fixed,
Total Vernier Caliper [200mm] 8'',General,,,PIECES,9.00,Total,,,4000.00,0.00,0.00,Exclusive,5700.00,9.00,,Fixed,
Total Angle Grinder [2600w],General,,,PIECES,4.00,Total,,,4200.00,0.00,0.00,Exclusive,5980.00,4.00,,Fixed,
Inc -co Bolt Cutter [350mm] 14'',General,,,PIECES,16.00,Total,,,4500.00,0.00,0.00,Exclusive,6400.00,16.00,,Fixed,
Inc- co Spirit Level [80cm] HSLO8080,General,,,PIECES,5.00,Total,,,4500.00,0.00,0.00,Exclusive,6400.00,5.00,,Fixed,
MASSAKI Drilling Bit 14.0mm,General,,,PIECES,3.00,Total,,,4500.00,0.00,0.00,Exclusive,6400.00,3.00,,Fixed,
Massaki TCT Hole Cutter Saw Size 60mm,General,,,PIECES,2.00,Total,,,4500.00,0.00,0.00,Exclusive,6400.00,2.00,,Fixed,
Massaki TCT Hole Saw Cutter 60mm,General,,,PIECES,4.00,Total,,,4500.00,0.00,0.00,Exclusive,6400.00,4.00,,Fixed,
Red Hook 5 Ton,General,,,PIECES,5.00,Total,,,4500.00,0.00,0.00,Exclusive,6400.00,5.00,,Fixed,
Total   Hnd Saw [450mm] ,General,,,PIECES,18.00,Total,,,4500.00,0.00,0.00,Exclusive,6400.00,18.00,,Fixed,
Total Bolt Cutter [350mm] 14'',General,,,PIECES,2.00,Total,,,4500.00,0.00,0.00,Exclusive,6400.00,2.00,,Fixed,
Concrete Hole Saw 50m,General,,,PIECES,1.00,Total,,,5000.00,0.00,0.00,Exclusive,7100.00,1.00,,Fixed,
Inc- co Circlip Plier Set HCCPSO1180 [4Pcs],General,,,PIECES,1.00,Total,,,5000.00,0.00,0.00,Exclusive,7100.00,1.00,,Fixed,
Inc -co Spirit Level HSL58100 [100cm],General,,,PIECES,5.00,Total,,,5000.00,0.00,0.00,Exclusive,7100.00,5.00,,Fixed,
Massaki Drilling Bit  6.0mm ,General,,,PIECES,4.00,Total,,,5000.00,0.00,0.00,Exclusive,7100.00,4.00,,Fixed,
MASSAKI Drilling Bit 5.5mm,General,,,PIECES,15.00,Total,,,5000.00,0.00,0.00,Exclusive,7100.00,15.00,,Fixed,
MASSAKI Drilling Bit 6.0mm,General,,,PIECES,4.00,Total,,,5000.00,0.00,0.00,Exclusive,7100.00,4.00,,Fixed,
Massaki TCT Hole Cutter  Saw Size 65mm,General,,,PIECES,2.00,Total,,,5000.00,0.00,0.00,Exclusive,7100.00,2.00,,Fixed,
Total [6pcs] Insulated Screw Driver Set ,General,,,PIECES,1.00,Total,,,5000.00,0.00,0.00,Exclusive,7100.00,1.00,,Fixed,
Total Air Tire Inflating Gun Max 8.5 bar,General,,,PIECES,21.00,Total,,,5000.00,0.00,0.00,Exclusive,7100.00,21.00,,Fixed,
Total Air Washing Gun [750cc],General,,,PIECES,21.00,Total,,,5000.00,0.00,0.00,Exclusive,7100.00,21.00,,Fixed,
Massaki Drilling Bit  6.5mm ,General,,,PIECES,7.00,Total,,,5500.00,0.00,0.00,Exclusive,7800.00,7.00,,Fixed,
MASSAKI Drilling Bit 6.5mm,General,,,PIECES,7.00,Total,,,5500.00,0.00,0.00,Exclusive,7800.00,7.00,,Fixed,
Massaki TCT Hole Saw Cutter 70mm,General,,,PIECES,2.00,Total,,,5500.00,0.00,0.00,Exclusive,7800.00,2.00,,Fixed,
Skole Trading TXCT hole Saw Size 70mm,General,,,PIECES,2.00,Total,,,5500.00,0.00,0.00,Exclusive,7800.00,2.00,,Fixed,
Total [18pcs] Screw Driver Set ,General,,,PIECES,5.00,Total,,,5500.00,0.00,0.00,Exclusive,7800.00,5.00,,Fixed,
Total [3pcs] Plier Set,General,,,PIECES,24.00,Total,,,5500.00,0.00,0.00,Exclusive,7800.00,24.00,,Fixed,
Total [5pcs] Steel File Set [200mm] ,General,,,PIECES,4.00,Total,,,5500.00,0.00,0.00,Exclusive,7800.00,4.00,,Fixed,
Total Spirit Level [120cm] ,General,,,PIECES,2.00,Total,,,5500.00,0.00,0.00,Exclusive,7800.00,2.00,,Fixed,
Inc- co Head Lamp HHLO13 AAA2,General,,,PIECES,4.00,Total,,,6000.00,0.00,0.00,Exclusive,8500.00,4.00,,Fixed,
Inc -co Screw Driver [12pcs] Set AKSDFL1208,General,,,PIECES,2.00,Total,,,6000.00,0.00,0.00,Exclusive,8500.00,2.00,,Fixed,
Inc- co Steel measuring - Tape 50 X 12.5mm,General,,,PIECES,1.00,Total,,,6000.00,0.00,0.00,Exclusive,8500.00,1.00,,Fixed,
MASSAKI Drilling Bit 17.0mm,General,,,PIECES,2.00,Total,,,6000.00,0.00,0.00,Exclusive,8500.00,2.00,,Fixed,
Massaki TCT Hole Saw Cutter 75mm,General,,,PIECES,3.00,Total,,,6000.00,0.00,0.00,Exclusive,8500.00,3.00,,Fixed,
Skole Trading TCT Hole Saw Size 75mm,General,,,PIECES,2.00,Total,,,6000.00,0.00,0.00,Exclusive,8500.00,2.00,,Fixed,
MASSAKI Drilling Bit 7.0mm,General,,,PIECES,28.00,Total,,,6500.00,0.00,0.00,Exclusive,9200.00,28.00,,Fixed,
Red Hook 7 Ton,General,,,PIECES,5.00,Total,,,6500.00,0.00,0.00,Exclusive,9200.00,5.00,,Fixed,
Total  Grease Gun [400cc],General,,,PIECES,9.00,Total,,,6500.00,0.00,0.00,Exclusive,9200.00,9.00,,Fixed,
Total Spirit Level [150cm],General,,,PIECES,3.00,Total,,,6500.00,0.00,0.00,Exclusive,9200.00,3.00,,Fixed,
Total 50m x 12.5mm Steel Measuring Tape,General,,,PIECES,1.00,Total,,,7000.00,0.00,0.00,Exclusive,9900.00,1.00,,Fixed,
Concrete Hole Saw 85m,General,,,PIECES,1.00,Total,,,7500.00,0.00,0.00,Exclusive,10600.00,1.00,,Fixed,
Inc-co Booster Cable 600amps ,General,,,PIECES,4.00,Total,,,7500.00,0.00,0.00,Exclusive,10600.00,4.00,,Fixed,
Concrete Hole Saw 100m,General,,,PIECES,1.00,Total,,,8000.00,0.00,0.00,Exclusive,11300.00,1.00,,Fixed,
G-Pointed - Chisel ,General,,,PIECES,,Total,,,8000.00,0.00,0.00,Exclusive,11300.00,,,Fixed,
Inc- co Spirit level (180cm),General,,,PIECES,2.00,Total,,,8000.00,0.00,0.00,Exclusive,11300.00,2.00,,Fixed,
Magnetic Metal Drilling Bit [16mm],General,,,PIECES,1.00,Total,,,8000.00,0.00,0.00,Exclusive,11300.00,1.00,,Fixed,
MASSAKI Drilling Bit 7.5mm,General,,,PIECES,20.00,Total,,,8000.00,0.00,0.00,Exclusive,11300.00,20.00,,Fixed,
Total [10pcs] 1/2'' Socket Set,General,,,PIECES,5.00,Total,,,8000.00,0.00,0.00,Exclusive,11300.00,5.00,,Fixed,
Total Air Spray Gun [400cc],General,,,PIECES,4.00,Total,,,8000.00,0.00,0.00,Exclusive,11300.00,4.00,,Fixed,
Total Bolt Cutter [600mm] 24'',General,,,PIECES,11.00,Total,,,8000.00,0.00,0.00,Exclusive,11300.00,11.00,,Fixed,
Total Digital AC Clamp Meter [200amps] ,General,,,PIECES,6.00,Total,,,8000.00,0.00,0.00,Exclusive,11300.00,6.00,,Fixed,
Total Insulated Adjustable Wrench [250mm] 10'',General,,,PIECES,12.00,Total,,,8000.00,0.00,0.00,Exclusive,11300.00,12.00,,Fixed,
Total Lithium -ion Battery Pack [2.0AH],General,,,PIECES,3.00,Total,,,8000.00,0.00,0.00,Exclusive,11300.00,3.00,,Fixed,
Magnetic Metal Drilling Bit [ 18mm],General,,,PIECES,4.00,Total,,,8500.00,0.00,0.00,Exclusive,12000.00,4.00,,Fixed,
Total Air Spray Gun [600cc],General,,,PIECES,9.00,Total,,,8500.00,0.00,0.00,Exclusive,12000.00,9.00,,Fixed,
Total Wire Stripper [254mm] 10'',General,,,PIECES,45.00,Total,,,8500.00,0.00,0.00,Exclusive,12000.00,45.00,,Fixed,
Magnetic Metal Drilling Bit [20mmm],General,,,PIECES,1.00,Total,,,9000.00,0.00,0.00,Exclusive,12700.00,1.00,,Fixed,
Total Heat Gun In A Pack [2000w] without Box,General,,,PIECES,9.00,Total,,,9500.00,0.00,0.00,Exclusive,13400.00,9.00,,Fixed,
Magnetic Metal Drilling Bit [21mm],General,,,PIECES,1.00,Total,,,10000.00,0.00,0.00,Exclusive,14100.00,1.00,,Fixed,
Magnetic Metal Drilling Bit [23mm],General,,,PIECES,2.00,Total,,,10000.00,0.00,0.00,Exclusive,14100.00,2.00,,Fixed,
Magnetic Metal Drilling Bit [26mm],General,,,PIECES,2.00,Total,,,10000.00,0.00,0.00,Exclusive,14100.00,2.00,,Fixed,
Red Hook 11 Ton,General,,,PIECES,3.00,Total,,,10000.00,0.00,0.00,Exclusive,14100.00,3.00,,Fixed,
SKOLE TCT Hole Saw 80m,General,,,PIECES,2.00,Total,,,10000.00,0.00,0.00,Exclusive,14100.00,2.00,,Fixed,
SKOLE TCT Hole Saw 90m,General,,,PIECES,2.00,Total,,,10000.00,0.00,0.00,Exclusive,14100.00,2.00,,Fixed,
MASSAKI Drilling Bit 11.0mm,General,,,PIECES,5.00,Total,,,11000.00,0.00,0.00,Exclusive,15700.00,5.00,,Fixed,
MASSAKI Drilling Bit 8.0mm,General,,,PIECES,15.00,Total,,,12000.00,0.00,0.00,Exclusive,17100.00,15.00,,Fixed,
MASSAKI Drilling Bit 8.5mm,General,,,PIECES,9.00,Total,,,12000.00,0.00,0.00,Exclusive,17100.00,9.00,,Fixed,
SKOLE TCT Hole Saw 100m,General,,,PIECES,1.00,Total,,,12000.00,0.00,0.00,Exclusive,17100.00,1.00,,Fixed,
Total Safety Boots  With Head ,General,,,PIECES,8.00,Total,,,13000.00,0.00,0.00,Exclusive,18500.00,8.00,,Fixed,
Total Safety Boots  Without Head  ,General,,,PIECES,8.00,Total,,,13000.00,0.00,0.00,Exclusive,18500.00,8.00,,Fixed,
Total 6-32mm Combination Spanner,General,,,PIECES,5.00,Total,,,14000.00,0.00,0.00,Exclusive,19900.00,5.00,,Fixed,
Total Bolt Cutter [750mm] 30'',General,,,PIECES,1.00,Total,,,14000.00,0.00,0.00,Exclusive,19900.00,1.00,,Fixed,
Total Combination Spanner Set [6-32mm] ,General,,,PIECES,5.00,Total,,,14000.00,0.00,0.00,Exclusive,19900.00,5.00,,Fixed,
BI- M etal Hole Saw (9pcs Set) Plumbers,General,,,PIECES,1.00,Total,,,15000.00,0.00,0.00,Exclusive,21300.00,1.00,,Fixed,
Total  Bolt Cutter [36''] 900mm ,General,,,PIECES,4.00,Total,,,15000.00,0.00,0.00,Exclusive,21300.00,4.00,,Fixed,
Total [45pcs] 1/4 Socket Set ,General,,,PIECES,1.00,Total,,,15000.00,0.00,0.00,Exclusive,21300.00,1.00,,Fixed,
Inc- co Lithium -ion Battery 40Ah FBLI2002,General,,,PIECES,5.00,Total,,,16000.00,0.00,0.00,Exclusive,22700.00,5.00,,Fixed,
Total Angle Grinder [750w],General,,,PIECES,9.00,Total,,,16000.00,0.00,0.00,Exclusive,22700.00,9.00,,Fixed,
Total Digital Multimeter [600v],General,,,PIECES,8.00,Total,,,16000.00,0.00,0.00,Exclusive,22700.00,8.00,,Fixed,
Total Digital Multimeter CAT.111 1000V X 600V,General,,,PIECES,15.00,Total,,,17000.00,0.00,0.00,Exclusive,24100.00,15.00,,Fixed,
G - Workman Full Body Harness,General,,,PIECES,2.00,Total,,,18000.00,0.00,0.00,Exclusive,25500.00,2.00,,Fixed,
Inc- co (11pcs) House hold Tool Set HKTV01H111,General,,,PIECES,2.00,Total,,,18000.00,0.00,0.00,Exclusive,25500.00,2.00,,Fixed,
Inc -co Mini Grinder [130w] ,General,,,PIECES,1.00,Total,,,20000.00,0.00,0.00,Exclusive,28300.00,1.00,,Fixed,
Inc- co Spray- Gun ( 550w) ,General,,,PIECES,2.00,Total,,,20000.00,0.00,0.00,Exclusive,28300.00,2.00,,Fixed,
Total  Hydrolic  Crimping Tool [4.70mm ,General,,,PIECES,5.00,Total,,,20000.00,0.00,0.00,Exclusive,28300.00,5.00,,Fixed,
Total Bolt Cutter [42''] 1050mm,General,,,PIECES,6.00,Total,,,20000.00,0.00,0.00,Exclusive,28300.00,6.00,,Fixed,
Total Impact Drill [1010w],General,,,PIECES,3.00,Total,,,20000.00,0.00,0.00,Exclusive,28300.00,3.00,,Fixed,
Total Bolt Cutter [48''] 1200mm ,General,,,PIECES,4.00,Total,,,22000.00,0.00,0.00,Exclusive,30100.00,4.00,,Fixed,
Total Lithium -ion Cordless Drill [12v],General,,,PIECES,5.00,Total,,,23000.00,0.00,0.00,Exclusive,31400.00,5.00,,Fixed,
Total Heat Gun In A Box [2000w],General,,,PIECES,5.00,Total,,,24000.00,0.00,0.00,Exclusive,32700.00,5.00,,Fixed,
Inc-co Lithium ion scale (12v),General,,,PIECES,1.00,Total,,,25000.00,0.00,0.00,Exclusive,34000.00,1.00,,Fixed,
Massaki TCT Hole Cutter Set (12pcs),General,,,PIECES,1.00,Total,,,25000.00,0.00,0.00,Exclusive,34000.00,1.00,,Fixed,
Total Pipe Wrench [48''],General,,,PIECES,1.00,Total,,,25000.00,0.00,0.00,Exclusive,34000.00,1.00,,Fixed,
Total [ 115 pcs] Tools Set [680w],General,,,PIECES,11.00,Total,,,26000.00,0.00,0.00,Exclusive,35300.00,11.00,,Fixed,
Inc-co Marble-Cutter (1400w),General,,,PIECES,1.00,Total,,,28000.00,0.00,0.00,Exclusive,37900.00,1.00,,Fixed,
Total [[81pcs] Tools Set,General,,,PIECES,1.00,Total,,,28000.00,0.00,0.00,Exclusive,37900.00,1.00,,Fixed,
Total Marble Cutter [1400w],General,,,PIECES,2.00,Total,,,28000.00,0.00,0.00,Exclusive,37900.00,2.00,,Fixed,
Inc- co Plastic - Tube- Welding Tools PTWT215002,General,,,PIECES,2.00,Total,,,30000.00,0.00,0.00,Exclusive,40500.00,2.00,,Fixed,
Total Air Brad Nailer [GA18] ,General,,,PIECES,1.00,Total,,,30000.00,0.00,0.00,Exclusive,40500.00,1.00,,Fixed,
Total Rotary Sander [450w] ,General,,,PIECES,1.00,Total,,,30000.00,0.00,0.00,Exclusive,40500.00,1.00,,Fixed,
Total Tile Cutter,General,,,PIECES,1.00,Total,,,30000.00,0.00,0.00,Exclusive,40500.00,1.00,,Fixed,
Totaln Angle Grinder [2200w],General,,,PIECES,3.00,Total,,,34000.00,0.00,0.00,Exclusive,45700.00,3.00,,Fixed,
Inc- co (7pcs)Body and fender Hammer set,General,,,PIECES,1.00,Total,,,35000.00,0.00,0.00,Exclusive,47000.00,1.00,,Fixed,
Inc-co [51pcs] Telecom Tool Set ,General,,,PIECES,2.00,Total,,,35000.00,0.00,0.00,Exclusive,47000.00,2.00,,Fixed,
Total Rotary Hammer [1050w],General,,,PIECES,4.00,Total,,,35000.00,0.00,0.00,Exclusive,47000.00,4.00,,Fixed,
Total Rotary Hammer [1500w],General,,,PIECES,7.00,Total,,,38000.00,0.00,0.00,Exclusive,50900.00,7.00,,Fixed,
Total Mixer [1400w],General,,,PIECES,1.00,Total,,,40000.00,0.00,0.00,Exclusive,53500.00,1.00,,Fixed,
Total Lithium -ion Auto Air  Compressor [20v] ,General,,,PIECES,3.00,Total,,,42000.00,0.00,0.00,Exclusive,56100.00,3.00,,Fixed,
Total Lithium -ion Cordless Drill [20v],General,,,PIECES,5.00,Total,,,43000.00,0.00,0.00,Exclusive,57400.00,5.00,,Fixed,
Total Wall Chaser [1500w],General,,,PIECES,2.00,Total,,,45000.00,0.00,0.00,Exclusive,60000.00,2.00,,Fixed,
Total Rotary Hammer [1800w]],General,,,PIECES,1.00,Total,,,48000.00,0.00,0.00,Exclusive,63900.00,1.00,,Fixed,
Total Impact Wrench [1050w],General,,,PIECES,3.00,Total,,,50000.00,0.00,0.00,Exclusive,66500.00,3.00,,Fixed,
Total Lithium -ion Impact Wrench [20v] ,General,,,PIECES,1.00,Total,,,55000.00,0.00,0.00,Exclusive,73000.00,1.00,,Fixed,
Total Circular Saw [2200w],General,,,PIECES,2.00,Total,,,56000.00,0.00,0.00,Exclusive,74300.00,2.00,,Fixed,
Inc- co Cutter off saw (2350w),General,,,PIECES,1.00,Total,,,65000.00,0.00,0.00,Exclusive,86000.00,1.00,,Fixed,
Total High Pressure Washer [1800w],General,,,PIECES,1.00,Total,,,67000.00,0.00,0.00,Exclusive,88600.00,1.00,,Fixed,
Total Lithium -ion Cordless [2pcs] Combo Kit,General,,,PIECES,1.00,Total,,,80000.00,0.00,0.00,Exclusive,105500.00,1.00,,Fixed,
Total Rotary Hammer [1600w],General,,,PIECES,7.00,Total,,,80000.00,0.00,0.00,Exclusive,105500.00,7.00,,Fixed,
Total Lithium -ion Rotary Hammer [20v],General,,,PIECES,4.00,Total,,,85000.00,0.00,0.00,Exclusive,112000.00,4.00,,Fixed,
Total Demolition Breaker 1500w,General,,,PIECES,1.00,Total,,,105000.00,0.00,0.00,Exclusive,138000.00,1.00,,Fixed,
